sepal length (cm),sepal width (cm),petal length (cm),petal width (cm),target
5.393428306022466,2.723471397657631,2.595377076201385,3.246059712816051,0
5.631693250553328,2.531726086101639,8.058425631014783,3.3348694583058176,2
3.961051228130096,3.4851200871719294,2.3731646143750753,0.06854049285948627,1
5.483924543132068,-1.526560489315596,-0.1498356650260657,-0.12457505848194539,1
2.3743377593311528,3.828494665190548,-0.5160481510424217,-2.624607402670583,0
9.231297537843108,2.8484473990269286,4.835056409375848,-1.2494963724269135,1
3.5112345509496343,3.821845179419732,-1.3019871548446056,0.9513960366913439,0
4.198722620162391,2.8166125004134464,0.4965867755412061,3.9045563690178757,0
6.473005550524132,0.8845781420881993,6.8450898242063785,-0.4416872999420445,2
5.817727190009511,-0.9193402477595511,1.843627902203139,1.893722471738247,1
8.77693315999082,3.2427365623799407,6.068703435223519,1.1977926088214224,2
3.9429560192651456,1.6603115832105828,4.178722458080425,4.414244452437831,2
7.187236579136923,-0.5260803107254679,6.44816793878959,1.429835439167367,2
5.046155999388083,4.423352577681736,6.561999044991902,3.362560238232397,1
3.3215649535547227,2.7815752482975706,2.1625268628071277,2.1510902542447186,0
4.04165152430942,2.9286820466723658,-0.8126699480120565,-2.1924132481613414,0
7.425051644788396,6.712480057141645,1.0559797568393323,2.2070657957840485,0
6.323272050095268,1.2097604907897515,4.622791211016827,4.176073132931938,1
6.028347921780097,6.029287311628012,-0.5394902081794886,3.0438050087504473,1
6.174094136476342,2.401985299068265,4.983521553071005,-2.1751378292017858,2
4.9606562243249765,4.414225143023493,4.455788089483033,-0.8365404365472948,0
5.083012794213625,2.096485912830927,7.430804235404148,3.057502219319369,2
5.540479592465922,3.926534866226712,4.794155098696081,3.2372899810657785,1
4.695893812245295,1.9446757068044636,4.815783693735685,-1.5270298962642372,2
6.992240554129152,3.3221105443597785,5.610226913284921,1.7308257332497063,2
3.8692585158991717,2.158709354469282,4.314570966946461,0.09544546155676215,1
6.277428576667981,3.808101713629077,8.172371802421061,1.7491556256636778,1
6.215100781445529,3.6511081684676654,-2.1375424305980832,0.24697224910156623,0
6.620460419882053,7.926484224970572,5.115278070437755,2.403094684667225,2
5.130576460589514,1.0626439247609358,3.685645629030041,1.7038660653735482,0
